;nivel_carreira;valor_total_prefeitura_atual;id_proposta_atual;valor_total_prefeitura_proposta;id_proposta_proposta;impacto_mensal
0;1;1706403.7700000003;situacao_atual;2103774.73;unificacao_amci;397370.95999999973
1;2;1127593.2000000002;situacao_atual;1333681.2;unificacao_amci;206087.99999999977
2;3;40615.729999999996;situacao_atual;48160.64;unificacao_amci;7544.9100000000035
3;4;21916.01;situacao_atual;26021.22;unificacao_amci;4105.210000000003
4;5;356961.79000000004;situacao_atual;421643.12;unificacao_amci;64681.32999999996
5;6;851334.48;situacao_atual;1001681.02;unificacao_amci;150346.54000000004
