;nivel_carreira;valor_total_prefeitura_atual;id_proposta_atual;valor_total_prefeitura_proposta;id_proposta_proposta;impacto_mensal
0;1;1448128.82;situacao_atual;1540462.6300000001;reajuste_ipc;92333.81000000006
1;2;1146386.4200000002;situacao_atual;1240532.5999999999;reajuste_ipc;94146.1799999997
2;3;21389.42;situacao_atual;23724.12;reajuste_ipc;2334.7000000000007
3;4;109580.04999999999;situacao_atual;125737.85;reajuste_ipc;16157.800000000017
4;5;334506.02;situacao_atual;396805.3;reajuste_ipc;62299.27999999997
5;6;782307.36;situacao_atual;960698.2200000001;reajuste_ipc;178390.8600000001
