;nivel_carreira;valor_total_prefeitura_atual;id_proposta_atual;valor_total_prefeitura_proposta;id_proposta_proposta;impacto_mensal
0;1;1706403.7700000003;situacao_atual;1815189.28;reajuste_ipc;108785.50999999978
1;2;1127593.2000000002;situacao_atual;1220196.0;reajuste_ipc;92602.79999999981
2;3;40615.729999999996;situacao_atual;44867.5;reajuste_ipc;4251.770000000004
3;4;21916.01;situacao_atual;25147.57;reajuste_ipc;3231.5600000000013
4;5;356961.79000000004;situacao_atual;423461.73;reajuste_ipc;66499.93999999994
5;6;851334.48;situacao_atual;1045465.7100000001;reajuste_ipc;194131.2300000001
