;nivel_carreira;valor_total_prefeitura
0;1;1448128.8199999998
1;2;1146386.4200000002
2;3;21389.42
3;4;109580.04999999999
4;5;334506.02
5;6;782307.36
