;nivel_carreira;valor_total_prefeitura
0;1;1557585.27
1;2;1254427.18
2;3;24010.539999999997
3;4;127255.95000000001
4;5;401582.22000000003
5;6;972296.64
