;nivel_carreira;valor_total_prefeitura
0;1;1785414.2799999998
1;2;1355909.2199999997
2;3;25510.97
3;4;130106.1
4;5;395101.48
5;6;920463.64
