;nivel_carreira;valor_total_prefeitura
0;1;1291432.95
1;2;1038437.16
2;3;19883.46
3;4;105284.74999999999
4;5;332206.25
5;6;792000.7600000001
